"{""runId"":""t23qa1su57vdc4kf"",""dbGaP_id"":C00880}"
"{""runId"":""qumpz0l3fk52jvi4"",""dbGaP_id"":C00322}"
"{""runId"":""en8fat2si0c51wqd"",""dbGaP_id"":C00817}"
"{""runId"":""16wu8hjmfa4z9i2v"",""dbGaP_id"":C00870}"
"{""runId"":""9nwf25dgmxlq1zcr"",""dbGaP_id"":C00612}"
"{""runId"":""q9vgd6lrsmw2z5a7"",""dbGaP_id"":C00024}"
"{""runId"":""10ol384fmwtbucyn"",""dbGaP_id"":C00455}"
"{""runId"":""i7eplo6k1fx4gcas"",""dbGaP_id"":C00929}"
"{""runId"":""hd0unyb8pcal529e"",""dbGaP_id"":C00682}"
"{""runId"":""vz89spl3ucd4rkhm"",""dbGaP_id"":C00578}"
"{""runId"":""vlqxsr89ja62ecy5"",""dbGaP_id"":C00331}"
"{""runId"":""ne9b4xoawcd63q7s"",""dbGaP_id"":C00770}"
"{""runId"":""kepu4volmybzj6i8"",""dbGaP_id"":C00600}"
"{""runId"":""nysba0vzxtw3jkg5"",""dbGaP_id"":C00555}"
"{""runId"":""mscw3ly7ix2jzqv9"",""dbGaP_id"":C00244}"
"{""runId"":""0u897nxtsm4f6rpb"",""dbGaP_id"":C00458}"
"{""runId"":""z3xbvu1h65f4p2se"",""dbGaP_id"":C00598}"
"{""runId"":""hk2mux43b17ro8c5"",""dbGaP_id"":C00756}"
"{""runId"":""ps1y49jf5aiqcb2m"",""dbGaP_id"":C00823}"
"{""runId"":""jlsruc9z01atq8ib"",""dbGaP_id"":C00153}"
"{""runId"":""pf5w0zi62hvbrtem"",""dbGaP_id"":C00012}"
"{""runId"":""12e5ydbqxwfth4j3"",""dbGaP_id"":C00187}"
"{""runId"":""um6gk480obqfjsx1"",""dbGaP_id"":C00666}"
"{""runId"":""c0eyqj9shuad56v4"",""dbGaP_id"":C00462}"
"{""runId"":""1sg20t7vcjikwmue"",""dbGaP_id"":C00210}"
"{""runId"":""9fbjt2y38gexrz6h"",""dbGaP_id"":C00341}"
"{""runId"":""68l3jcb10hv4ytxr"",""dbGaP_id"":C00537}"
"{""runId"":""9afilydm2v1unktw"",""dbGaP_id"":C00359}"
"{""runId"":""5pqfkov61dxilj4s"",""dbGaP_id"":C00961}"
"{""runId"":""pu01t8becg5r23vf"",""dbGaP_id"":C00350}"
"{""runId"":""ojnb5te1viw3qkr9"",""dbGaP_id"":C00258}"
"{""runId"":""gtwsjezku46hdmbl"",""dbGaP_id"":C00261}"
"{""runId"":""u3rmwitl190yhxdg"",""dbGaP_id"":C00888}"
"{""runId"":""bcn25gm7yvxuik8a"",""dbGaP_id"":C00899}"
"{""runId"":""9k287pnscqjaoiu6"",""dbGaP_id"":C00131}"
"{""runId"":""s7fnapmzyeqcli25"",""dbGaP_id"":C00932}"
"{""runId"":""p2hk906cuys7agxj"",""dbGaP_id"":C00292}"
"{""runId"":""fpw0lh7418sq2i5o"",""dbGaP_id"":C00673}"
"{""runId"":""7sqhf39tc1nuievx"",""dbGaP_id"":C00156}"
"{""runId"":""bi8pgdh4wlejvq10"",""dbGaP_id"":C00503}"
"{""runId"":""4aqjtio8gk1mw0ez"",""dbGaP_id"":C00941}"
"{""runId"":""owv2jq4650bup9ae"",""dbGaP_id"":C00938}"
"{""runId"":""yxuv7pqfa6eo8tim"",""dbGaP_id"":C00529}"
"{""runId"":""fbid9e0g6lqprm7v"",""dbGaP_id"":C00438}"
"{""runId"":""9dofzcsvhqblkaxy"",""dbGaP_id"":C00790}"
"{""runId"":""6hiu3sgap7ndw2f4"",""dbGaP_id"":C00165}"
"{""runId"":""bg98jsi3mvefw7ln"",""dbGaP_id"":C00237}"
"{""runId"":""ztly2b9u4jmgo3qk"",""dbGaP_id"":C00303}"
"{""runId"":""w28pf1tjq6d0zh7a"",""dbGaP_id"":C00268}"
"{""runId"":""0dpztna8eyc3l7wr"",""dbGaP_id"":C00470}"
"{""runId"":""o9be8lphxur5awt1"",""dbGaP_id"":C00483}"
"{""runId"":""us5zox7ecmariy1h"",""dbGaP_id"":C00699}"
"{""runId"":""1fuo430i68dbzpcj"",""dbGaP_id"":C00379}"
"{""runId"":""d17sa24z8k0xtgcw"",""dbGaP_id"":C00353}"
"{""runId"":""o2cnivyuhzl7x8te"",""dbGaP_id"":C00831}"
"{""runId"":""7cqai836uplxzwft"",""dbGaP_id"":C00340}"
"{""runId"":""tzfoj1kw0345hpni"",""dbGaP_id"":C00624}"
"{""runId"":""fa5ezjh0xvbrq43m"",""dbGaP_id"":C00661}"
"{""runId"":""rb0djk2a9sv1focu"",""dbGaP_id"":C00372}"
"{""runId"":""ujeh62l9tw5qfob0"",""dbGaP_id"":C00337}"
"{""runId"":""yd02g5naxskfctz6"",""dbGaP_id"":C00596}"
"{""runId"":""ucgi3vadfl7j9x46"",""dbGaP_id"":C00704}"
"{""runId"":""u4ptcjvzqdnel6yi"",""dbGaP_id"":C00209}"
"{""runId"":""7oz2lcyb1mjhw6gi"",""dbGaP_id"":C00255}"
"{""runId"":""453oi92g1fvpb867"",""dbGaP_id"":C00420}"
"{""runId"":""yp4r0xm3bosjg9a7"",""dbGaP_id"":C00392}"
"{""runId"":""izo5yagpqxmjntb4"",""dbGaP_id"":C00441}"
"{""runId"":""z30ltkf8pxcmhbgv"",""dbGaP_id"":C00610}"
"{""runId"":""zvwleo315j2md9k6"",""dbGaP_id"":C00663}"
"{""runId"":""zomb04nip2xrasdk"",""dbGaP_id"":C00769}"
"{""runId"":""zsnoehdwivmt5g0l"",""dbGaP_id"":C00700}"
"{""runId"":""y30xtvn1h4ico5rw"",""dbGaP_id"":C00734}"
"{""runId"":""wdoq8nzj7lsia1r3"",""dbGaP_id"":C00475}"
"{""runId"":""4b9qkpvgud682tsj"",""dbGaP_id"":C00364}"
"{""runId"":""61vhtrdpliq5swnf"",""dbGaP_id"":C00034}"
"{""runId"":""y1if9go56s2j8xpd"",""dbGaP_id"":C00693}"
"{""runId"":""u6xot0d5h4iyrw97"",""dbGaP_id"":C00542}"
"{""runId"":""0t62s3xe9qwvbi51"",""dbGaP_id"":C00913}"
"{""runId"":""lrym51ipzx3e7wsk"",""dbGaP_id"":C00234}"
"{""runId"":""28gtu4clemf51jo9"",""dbGaP_id"":C00300}"
"{""runId"":""uby8zvhrsct9a1md"",""dbGaP_id"":C00189}"
"{""runId"":""gc462qn7o8b3u5yd"",""dbGaP_id"":C00113}"
"{""runId"":""3a9u24lhfrwjde7v"",""dbGaP_id"":C00652}"
"{""runId"":""vmfpzcudxsq2we7h"",""dbGaP_id"":C00474}"
"{""runId"":""l3kmn8qosg1haxef"",""dbGaP_id"":C00584}"
"{""runId"":""ehj4uoyta08v3dkn"",""dbGaP_id"":C00382}"
"{""runId"":""ipvf7rtx42o96gsl"",""dbGaP_id"":C00253}"
"{""runId"":""gfc8i5vn42rw3pu7"",""dbGaP_id"":C00066}"
"{""runId"":""op9i12yfdvr3qcwl"",""dbGaP_id"":C00719}"
"{""runId"":""1fq3ylgapudw0sbh"",""dbGaP_id"":C00365}"
"{""runId"":""h79br601ks25qfl4"",""dbGaP_id"":C00892}"
"{""runId"":""n4wp5kjrf0xolgme"",""dbGaP_id"":C00198}"
"{""runId"":""92eb6z4mvqi8lkfa"",""dbGaP_id"":C00148}"
"{""runId"":""rpw1ski3nhacfyqg"",""dbGaP_id"":C00351}"
"{""runId"":""gozt9hefx7pj8v0l"",""dbGaP_id"":C00876}"
"{""runId"":""yakd7j6fo5qe3s9g"",""dbGaP_id"":C00109}"
"{""runId"":""xkjci4tl5epmy8qn"",""dbGaP_id"":C00344}"
"{""runId"":""e69rfwgcm4p7djxy"",""dbGaP_id"":C00957}"
"{""runId"":""4wifp2v8y3lodxja"",""dbGaP_id"":C00056}"
"{""runId"":""w2iu4zfr8x57h3a1"",""dbGaP_id"":C00928}"
"{""runId"":""1gwefvrx0c9dih53"",""dbGaP_id"":C00528}"
"{""runId"":""4fa25nzyruqetjgi"",""dbGaP_id"":C00308}"
"{""runId"":""ejt5348nbzyfaipc"",""dbGaP_id"":C00565}"
"{""runId"":""i4s2tfxglmvra5co"",""dbGaP_id"":C00246}"
"{""runId"":""xj5ntfrws2vluzak"",""dbGaP_id"":C00773}"
"{""runId"":""of9srkhlyz8pv7wn"",""dbGaP_id"":C00821}"
"{""runId"":""vlw3tzne7scmy5j9"",""dbGaP_id"":C00859}"
"{""runId"":""68vm0fnea2clhudz"",""dbGaP_id"":C00141}"