Allele,Description,List SNV,RefClass,AltClass
mu3a,A4GALT_P2_02,s3a|s3r,Not found,P1negPk+ (P2)
mu3b,A4GALT_01N_01_01,del3a|s3s,Not found,A4GALT_01null_01_01
mu3c,A4GALT_01N_03_01,s3e|s3s,Not found,A4GALT_01null_03_01
mu3d,A4GALT_01N_08,ins3f|s3t,Not found,A4GALT_01null_08
mu3e,A4GALT_01N_09_02,s3g|s3u,Not found,A4GALT_01null_09_02
mu3f,A4GALT_02N_07,s3v|del3h,Not found,A4GALT_02null_07
mu5a,LU02_13neg,s5t|s5u|s5v,Not found,LU02_13neg
mu5b,LU01_16neg,s5a|s5b,Not found,LU01_16neg
mu5c,LU02_23neg,s5w|s5x,Not found,LU02_23neg
mu5d,LU02_24neg,s5y|s5q|s5aa,Not found,LU02_24neg
mu5e,LU01_19,s5a|s5f,Not found,LU01_19
mu5f,LU02_19_14,s5e|s5f,Not found,LU02_19_14
mu6a,KEL02_35neg,s6bj|s6bk,Not found,KEL02_35neg
mu6b,KEL01N_01,s6a|s6c,Not found,KEL_null_01N_01
mu6c,KEL01N_02,s6d|s6a,Not found,KEL_null_01N_02
mu6d,KEL02M_06,s6bm|s6bn,Not found,KEL_weak_02M_06
mu8a,FY01W_02/FY02W_01,s8k|s8n,Not found,FY_weak_01W_02/FY_weak_02W_01
mu8c,FY02W_02,s8o|s8k|s8n,Not found,FY_weak_02W_02
mu9a,JK02N_11,s9v|s9w,Not found,JK_null_02N_11
mu9b,JK02N_12,s9x|s9v,Not found,JK_null_02N_12
mu9c,JK02N_13,s9v|s9y,Not found,JK_null_02N_13
mu14a,DO02_07neg,s14c|s14m|s14n,Not found,DO02_07neg
mu14b,DO02_08neg,s14c|s14b,DOLGpos,DOLGneg
mu14c,DO02N_03,s14c|s14j,Not found,DO_null_02N_03
mu14d,DO02N_04,s14c|s14l,Not found,DO_null_02N_04
mu18a,FUT1_01W_05_02,s18v|s18av,Not found,FUT1_weak_01W_05_02
mu18b,FUT1_01N_11,s18aw|s18ax,Not found,Hneg_FUT1_null_01N_11
mu18d,FUT2_03_03,s18bo|s18br,Not found,FUT2_03_03
mu18e,FUT2_01W_02_02,s18bl|s18bv,Not found,FUT2_weak_01W_02_02
mu18f,FUT2_01W_02_03,s18bl|s18bw,Not found,FUT2_weak_01W_02_03
mu18g,FUT2_01N_01,s18bx|s18bl,Not found,FUT2_null_01N_01
mu18h,FUT2_01N_10,s19bq|s18by,Not found,FUT2_null_01N_10
mut18i,FUT2_03_02,s18bo|s18bz,Not found,FUT2_03_02
mu20a,GE01N_02,s20h|del20a,Not found,GE_null_01N_02
mu27a,GCNT2_02N_01,s27a|s17i,Not found,GCNT2_null_02N_02
mu28a,GLOB_02N_01,s28j|del28a,Not found,GLOB_02null_01 (GLOB_1neg)
mu30a,RHAG_01N_08,s30f|s30ab,Not found,RHAG_null_01N_08
mu31a,GBGT1_01_02,s31b|s31a,Not found,GBGT1_01_02
mu32a,ABCG2_01N_02_02,s32n|s32b,Not found,ABCG2_null_01N_02_02
mu32b,ABCG2_01N_06,s32n|s32o,Not found,ABCG2_null_01N_06
mu32c,ABCG2_01N_25,s32l|del32g,Not found,ABCG2_null_01N_25
mu32d,ABCG2_01N_13,s32n|ins32e,Not found,ABCG2_null_01N_13
mu33a,ABCB6_01N_23,s33w|s33v|del33g,Not found,ABCB6_null_01N_23
mu33b,ABCB6_01N_25,del33g|del33j,Not found,ABCB6_null_01N_25
mu33c,ABCB6_01N_26,del33g|del33k,Not found,ABCB6_null_01N_26
mu33d,ABCB6_01N_24,ins33d|del33g,Not found,ABCB6_null_01N_24
mu35a,CD59_01N_02,del35b|del35c,Not found,CD59_01null_02
muKLFa,KLF1_BGM15,sKLFj|insKLFg,Not found,KLF1_BGM15
muKLFb,KLF1_BGM19,sKLFan|delKLFi,Not found,KLF1_BGM19
muKLFc,KLF1_BGM16,sKLFj|delKLFj,Not found,KLF1_BGM16
mu10a,DI02_16,s10n|s10o,Not found,DI02_16
